City,AQI_pre_covid,AQI_post_covid,AQI_change
Mumbai,252.07135815991236,255.26232876712328,3.1909706072109145
Chennai,251.7010405257393,251.29062286105406,-0.4104176646852409
Delhi,250.20952902519167,256.27467488021904,6.065145855027367
Kolkata,248.68598028477544,254.48651608487336,5.800535800097919
Bangalore,247.48488499452355,249.9360027378508,2.451117743327245
